chrom	pos	strand	min coverage	mod_freq diff kmeans	mod_freq diff knn
ENST00000387347.2	1318	+	233	0.0007655724393921259	0.29993040250550973
ENST00000361789.2	213	+	2257	-0.022774921280967475	0.28556337012876387
ENST00000215754.8	281	+	2286	0.0056080865831620585	0.337821729050786
